symbol	TCGA-50-5068-01A	TCGA-53-7624-01A	TCGA-99-8033-01A	TCGA-D8-A3Z6-01A	TCGA-EW-A1OY-01A	TCGA-EW-A1P3-01A	TCGA-EW-A2FR-01A	TCGA-GM-A2DA-01A	TCGA-IN-8462-01A	TCGA-QK-A6IH-01A
NLRP11	0	0	0	0	0	0	0	0	0	0
PIK3AP1	0	0	0	0	1	0	0	0	0	0
EPS8	0	0	0	0	0	0	0	0	0	0
NRIP1	0	0	0	0	0	0	0	0	0	0
SPRY2	0	0	0	0	0	0	0	0	0	0
PLBD1	0	0	0	0	0	0	0	0	0	0
FOXQ1	0	0	0	0	0	0	0	0	0	0
LARP6	0	0	0	0	0	0	0	0	0	0
CYBRD1	0	0	0	0	0	0	0	0	0	0
MAP1B	0	0	0	0	0	0	0	0	0	0
MATN2	0	0	0	0	0	0	0	0	0	0
MB	0	0	0	0	0	0	0	0	0	0
LAPTM4B	0	0	0	0	0	0	0	0	0	0
S100A14	0	0	0	0	0	0	0	0	0	0
ACTA2	0	0	0	0	0	0	0	0	0	0
TBC1D2	0	0	0	0	0	0	0	0	0	0
CEP15	0	0	0	0	0	0	0	0	0	0
MECOM	0	0	0	0	0	0	0	0	0	0
EVI2B	0	0	0	0	0	0	0	0	0	0
C1RL	0	0	0	0	0	0	0	0	0	0
GOLM1	0	0	0	0	0	0	0	0	0	0
RCSD1	0	0	0	0	0	0	0	0	0	0
EXT1	0	0	0	0	0	0	0	0	0	0
ACTN1	0	0	0	0	0	0	0	0	0	0
MND1	0	0	0	0	0	0	0	0	0	0
RRAS	0	0	0	0	0	0	0	0	0	0
MDK	0	0	0	0	0	0	0	0	0	0
WLS	0	0	0	0	0	0	0	0	0	0
ADA	0	0	0	0	0	0	0	0	0	0
ME1	0	0	0	0	0	0	0	0	0	0
F3	0	0	0	0	0	0	0	0	0	0
TRIM22	0	0	0	0	0	0	0	0	0	0
PPM1H	0	0	0	0	0	0	0	0	0	0
S100A2	0	0	0	0	0	0	0	0	0	0
TNFRSF12A	0	0	0	0	0	0	0	0	0	0
FZD6	0	0	0	0	0	0	0	0	0	0
ESRP2	0	0	0	0	0	0	0	0	0	0
ADM	0	0	0	0	0	0	0	0	0	0
S100A6	0	0	0	0	0	0	0	0	0	0
GLMP	0	0	0	0	0	0	0	0	0	0
ADORA2B	0	0	0	0	0	0	0	0	0	0
S100A10	0	0	0	0	0	0	0	0	0	0
MEST	0	0	0	0	0	0	0	0	0	0
S100A7	0	1	1	0	0	0	0	0	0	0
S100A13	0	0	0	0	0	0	0	0	0	0
FAP	0	0	0	0	0	0	0	0	0	0
SAA1	0	0	0	0	0	0	0	0	0	0
MFNG	0	0	0	0	0	0	0	0	0	0
FAT1	0	0	0	0	0	0	0	0	0	0
SYCP2	0	0	0	0	0	0	0	0	0	0
FAT2	0	1	1	0	0	0	0	0	0	0
EFEMP1	0	0	0	0	0	0	0	0	0	0
CAMK2N1	0	0	0	0	0	0	0	0	0	0
ADRB2	0	0	0	0	0	0	0	0	0	0
MYL9	0	0	0	0	0	0	0	0	0	0
HOOK1	0	0	0	0	0	0	0	0	0	0
MGST1	0	0	0	0	0	0	0	0	0	0
AEBP1	0	0	0	0	0	0	0	0	0	0
BASP1	0	0	0	0	0	0	0	0	0	0
IFITM3	0	0	0	0	0	0	0	0	0	0
YAP1	0	0	0	0	0	0	0	0	0	0
SERPINB3	0	0	0	0	0	0	0	0	0	0
SNX7	0	0	0	0	0	0	0	0	0	0
MID1	0	0	0	0	0	0	0	0	0	0
OSBPL1A	0	0	0	0	0	0	0	0	0	0
MLF1	0	0	0	0	0	0	0	0	0	0
AHR	0	0	0	0	0	0	0	0	0	0
AK4	0	0	0	0	0	0	0	0	0	0
BIN2	0	0	0	0	0	0	0	0	0	0
SRPX	0	0	0	0	0	0	0	0	0	0
MMP1	0	0	0	0	0	0	0	0	0	0
GPNMB	0	0	0	0	0	0	0	0	0	0
ALDH1A1	0	1	0	0	0	0	0	0	0	0
FBXO32	0	0	0	0	0	0	0	0	0	0
ALDH1A3	0	0	0	0	0	0	0	0	0	0
BCAR3	0	0	0	0	0	0	0	0	0	0
MMP7	0	0	0	0	0	0	0	0	0	0
ZCCHC7	0	0	0	0	0	0	0	0	0	0
ALDH3A2	0	0	0	0	0	0	0	0	0	0
MMP10	0	0	0	0	0	0	0	0	0	0
FHL2	0	0	0	0	0	0	0	0	0	0
MMP14	0	0	0	0	0	0	0	0	0	0
PRKAG2	0	0	0	0	0	0	0	0	0	0
SNX9	0	0	0	0	0	0	0	0	0	0
SDC1	0	0	0	0	0	0	0	0	0	0
SDC4	0	0	0	0	0	0	0	0	0	0
CAP2	0	0	0	0	0	0	0	0	0	0
FOXF2	0	1	0	0	0	0	0	0	0	0
STEAP1	0	0	0	0	0	0	0	0	0	0
FOXC1	0	0	0	0	0	0	0	0	0	0
GULP1	0	0	0	0	0	0	0	0	0	0
MUC20	0	0	0	0	0	0	0	0	0	0
SELL	0	0	0	0	0	0	0	0	0	0
FLI1	0	0	1	0	0	0	0	0	0	0
EVL	0	0	0	0	0	0	0	0	0	0
NID2	0	0	0	0	0	0	0	0	0	0
FLNB	0	0	0	0	0	0	0	0	0	1
SELENOP	0	0	0	0	0	0	0	0	0	0
SELENOW	0	0	0	0	0	0	0	0	0	0
LIMA1	0	0	0	0	0	0	0	0	0	0
SHROOM3	0	0	0	0	0	0	0	0	0	1
ASRGL1	0	0	0	0	0	0	0	0	0	0
ITPRIPL2	0	0	0	0	0	0	0	0	0	0
ATF5	0	0	0	0	0	0	0	0	0	0
ANGPT1	0	0	0	0	0	0	0	0	0	0
FN1	0	0	0	0	0	0	0	0	0	0
ANK3	0	0	0	0	0	0	0	0	0	0
ARHGAP23	0	0	0	0	0	0	0	0	0	0
PHLDA1	0	0	0	0	0	0	0	0	0	0
EMB	0	0	0	0	0	0	0	0	0	0
ANXA1	0	0	0	0	0	0	0	0	0	0
GPX8	0	0	0	0	0	0	0	0	0	0
ANXA2	0	0	0	0	0	0	0	0	0	0
SGK1	0	0	0	0	0	0	0	0	0	0
FOS	0	0	0	0	0	0	0	0	0	0
ANXA3	0	0	0	0	0	0	0	0	0	0
DDX60	0	0	0	0	0	0	0	0	0	0
RHOBTB3	0	0	0	0	0	0	0	0	0	0
ANXA4	0	0	0	0	0	0	0	0	0	0
TENT5A	0	0	0	0	0	0	0	0	0	0
AGR2	0	0	0	0	0	0	0	0	0	0
RUBCNL	0	0	0	0	0	0	0	0	0	0
HTATIP2	0	0	0	0	0	0	0	0	0	0
ENC1	0	0	0	0	0	0	0	0	0	0
FERMT1	0	0	0	0	0	0	0	0	0	0
DOCK10	0	1	0	0	0	0	0	0	0	0
STAP2	0	0	0	0	0	0	0	0	0	0
PRXL2A	0	0	0	0	0	0	0	0	0	0
IFITM1	0	0	0	0	0	0	0	0	0	0
MYO1B	0	0	0	0	0	0	0	0	0	0
CCDC80	0	0	0	0	0	0	0	0	0	0
ST6GAL1	0	0	0	0	0	0	0	0	0	0
YBX3	0	0	0	0	0	0	0	0	0	0
IFITM2	0	0	0	0	0	0	0	0	0	0
TMC4	0	1	0	0	0	0	0	0	0	0
APP	0	0	0	0	0	0	0	0	0	0
PIR	0	0	0	0	0	0	0	0	0	0
SHTN1	0	0	0	0	0	0	0	0	0	0
ZHX2	0	0	0	0	0	0	0	0	0	0
SLA	0	1	0	0	0	0	0	0	0	0
HVCN1	0	0	0	0	0	0	0	0	0	0
WDFY4	0	0	0	0	0	0	0	0	0	0
CDC42EP3	0	0	0	0	0	0	0	0	0	0
ST6GALNAC2	0	0	0	0	0	0	0	0	0	0
GPR160	0	0	0	0	0	0	0	0	0	0
AREG	0	0	0	0	0	0	0	0	0	0
CYFIP2	0	0	0	0	0	0	0	0	0	0
PDLIM4	0	0	0	0	0	0	0	0	0	0
MSN	0	0	0	0	0	0	0	0	0	0
RND3	0	0	0	0	0	0	0	0	0	0
ARHGDIB	0	0	0	0	0	0	0	0	0	0
MT1E	0	0	0	0	0	0	0	0	0	0
LSR	0	0	0	0	0	0	0	0	0	0
IGF2BP2	0	0	0	0	0	0	0	0	0	0
RGS20	0	0	0	0	0	0	0	0	0	0
SH2D4A	0	0	0	0	0	0	0	0	0	0
SPINT2	0	0	0	0	0	0	0	0	0	0
DKK1	0	0	0	0	0	0	0	0	0	0
KHDRBS3	0	0	0	0	0	0	0	0	0	0
CELF2	0	0	0	0	0	0	0	0	0	0
PLPP2	0	0	0	0	0	0	0	0	0	0
PTGR1	0	0	0	0	0	0	0	0	0	0
PLPP3	0	0	0	0	0	0	0	0	0	0
STC2	0	0	0	0	0	0	0	0	0	0
GALNT11	0	0	0	0	0	0	0	0	0	0
CNKSR3	0	0	0	0	0	0	0	0	0	0
ENAH	0	0	0	0	0	0	0	0	0	0
ASPH	0	0	0	0	0	0	1	0	0	0
PARVA	0	0	0	0	0	0	0	0	0	0
SNAI2	0	0	0	0	0	0	0	0	0	0
FTH1	0	0	0	0	0	0	0	0	0	0
CLEC2D	0	0	0	0	0	0	0	0	0	0
SMARCA1	0	1	1	0	0	0	0	0	0	0
TIFA	0	0	0	0	0	0	0	0	0	0
TSPAN13	0	0	0	0	0	0	0	0	0	0
OASL	0	0	0	0	0	0	0	0	0	0
DLK2	0	0	0	0	0	0	0	0	0	0
ULBP2	0	0	0	0	0	0	0	0	0	0
HES4	0	0	0	0	0	0	0	0	0	0
RASEF	0	0	0	0	0	0	0	0	0	0
DHX32	0	0	0	0	0	0	0	0	0	0
TRAF3IP3	0	0	0	0	0	0	0	0	0	0
FUCA2	0	0	0	0	0	0	0	0	0	0
LIMCH1	0	0	0	0	0	0	0	0	0	0
ZNF83	0	0	0	0	0	0	0	0	0	0
PROSER2	0	0	0	0	0	0	0	0	0	0
ATP1B1	0	0	0	0	0	0	0	0	0	0
FYN	0	0	0	0	0	0	0	0	0	0
DCBLD2	0	0	0	0	0	0	0	0	0	0
PALLD	0	0	0	0	0	0	0	0	0	0
DKK3	0	0	0	0	0	0	0	0	0	0
AHNAK2	0	0	0	1	0	0	0	0	0	0
MYB	0	0	0	0	0	0	0	0	0	0
CD276	0	0	0	0	0	0	0	0	0	0
GRAP	0	0	0	0	0	0	0	0	0	0
MYO1G	0	0	0	0	0	0	0	0	0	0
SOX9	0	0	0	0	0	0	0	0	0	0
RNF130	0	0	0	0	0	0	0	0	0	0
POGLUT3	0	0	0	0	0	0	0	0	0	0
PLK2	0	0	0	0	0	0	0	0	0	0
SPARC	0	0	0	0	0	0	0	0	0	0
MYLK	0	0	0	0	0	0	0	0	0	0
GALNT3	0	0	0	0	0	0	0	0	0	0
EAF2	0	0	0	0	0	0	0	0	0	0
MYO1C	0	0	0	0	0	0	0	0	0	0
NCKAP1	0	0	0	0	0	0	0	0	0	0
SPINT1	0	0	0	0	0	0	0	0	0	0
MYO6	0	0	0	0	0	0	0	1	0	0
SPR	0	0	0	0	0	0	0	0	0	0
DOCK11	0	0	0	0	0	0	0	0	0	0
AXL	0	0	0	0	0	0	0	0	0	0
ADAM9	0	0	0	0	0	0	0	0	0	0
BEX1	0	0	0	0	0	0	0	0	0	0
PXDC1	0	0	0	0	0	0	0	0	0	0
STARD10	0	0	0	0	0	0	0	0	0	0
GAS6	0	0	0	0	0	0	0	0	0	0
SUSD3	0	0	0	0	0	0	0	0	0	0
GATA6	0	0	0	0	0	0	0	0	0	0
C19orf33	0	0	0	0	0	0	0	0	0	0
GBP1	0	0	0	0	0	0	0	0	0	0
GBP3	0	0	0	0	0	0	0	0	0	0
SEC11C	0	0	0	0	0	0	0	0	0	0
NCF4	0	0	0	0	0	0	0	0	0	1
GPRC5C	0	0	0	0	0	0	0	0	0	0
CCND1	0	0	0	0	0	0	0	0	0	0
NRROS	0	1	0	0	0	0	0	0	0	0
SIX4	0	0	0	0	0	0	0	0	0	0
SAMSN1	0	0	0	0	0	0	0	0	0	0
SCEL	0	0	0	0	0	0	0	0	0	0
MBOAT2	0	0	0	0	0	0	0	0	0	0
TNFRSF21	0	0	0	0	0	0	0	0	0	0
GLCCI1	0	0	0	0	0	0	0	0	0	0
TMBIM1	0	0	0	0	0	0	0	0	0	0
NMU	0	0	0	0	0	0	0	0	0	0
BLM	0	0	0	0	0	0	0	0	0	0
BLVRA	0	0	0	0	0	0	0	0	0	0
BLVRB	0	0	0	0	0	0	0	0	0	0
BNC1	0	0	0	0	0	0	0	0	0	0
TUBB6	0	0	0	0	0	0	0	0	0	0
BMP4	0	0	0	0	0	0	0	0	0	0
RFTN1	0	0	0	0	0	0	0	0	1	0
ASAP2	0	0	0	0	0	0	0	0	0	0
SRPX2	0	0	0	0	0	0	0	0	0	0
SULF2	1	0	0	0	0	0	0	0	0	0
GJB5	0	0	0	0	0	0	0	0	0	0
CYFIP1	0	0	0	0	0	0	0	0	0	0
FOXL2	0	0	0	0	0	0	0	0	0	0
GNG12	0	0	0	0	0	0	0	0	0	0
BAIAP2L1	0	0	0	0	0	0	0	0	0	0
IER3	0	0	0	0	0	0	0	0	0	0
NFIB	0	0	0	0	0	0	0	0	0	0
SQSTM1	0	0	0	0	0	0	0	0	0	0
KLF5	0	0	0	0	0	0	0	0	0	0
GLI3	0	0	0	0	0	0	0	0	0	0
BTK	0	0	0	0	0	0	0	0	0	0
SVIL	0	0	0	0	0	0	0	0	0	0
SYK	0	0	0	0	0	0	0	0	0	0
TSPO	0	0	0	0	0	0	0	0	0	0
P2RY10	0	0	0	0	0	0	0	0	0	0
TMEM131L	0	0	0	0	0	0	0	0	0	0
C1R	0	0	0	0	0	0	0	0	0	0
C1S	0	0	0	0	0	0	0	0	0	0
C3	0	0	0	0	0	0	0	0	0	0
GNA11	0	0	0	0	0	0	0	0	0	0
POPDC3	0	0	0	0	0	0	0	0	0	0
SGCE	0	0	0	0	0	0	0	0	0	0
GNAI1	0	0	0	0	0	0	0	0	0	0
CKAP4	0	0	0	0	0	0	0	0	0	0
TAF4B	0	0	0	0	0	0	0	0	0	0
TAGLN	0	0	0	0	0	0	0	0	0	0
TAF5	0	0	0	0	0	0	0	0	0	0
NME3	0	0	0	0	0	0	0	0	0	0
FERMT2	0	0	0	0	0	0	0	0	0	0
BEX2	0	0	0	0	0	0	0	0	0	0
RTL8C	0	0	0	0	0	0	0	0	0	0
RAB32	0	0	0	0	0	0	0	0	0	0
CAMSAP2	0	0	0	0	0	0	0	0	0	0
NQO2	0	0	0	0	0	0	0	0	0	0
NLRC3	0	0	0	0	0	0	0	0	0	0
WWC1	0	0	0	0	0	0	0	0	0	0
ADGRA3	0	0	0	0	0	0	0	0	0	0
SLC27A2	0	0	0	0	0	0	0	0	0	0
SFN	0	0	0	0	0	0	0	0	0	0
KDELR3	0	0	0	0	0	0	0	0	0	0
DDR1	0	0	0	0	0	0	0	0	0	0
TCF7L2	0	0	0	0	0	0	0	0	0	0
P4HA2	0	0	0	0	0	0	0	0	0	0
TCF3	0	0	0	0	0	0	0	0	0	0
RAB31	0	0	0	0	0	0	0	0	0	0
ZEB1	0	0	0	0	0	0	0	0	0	0
TRIM2	0	0	0	0	0	0	0	0	0	0
RAB17	0	0	0	0	0	0	0	0	0	0
CALD1	0	0	0	0	0	0	0	0	0	0
PIM2	0	0	0	0	0	0	0	0	0	0
GAS2L3	0	0	0	0	0	0	0	0	0	0
NT5E	0	0	0	0	0	0	0	0	0	0
CAPG	0	0	0	0	0	0	0	0	0	0
CAPN2	0	0	0	0	0	0	0	0	0	0
CNTRL	0	0	0	0	0	0	0	0	0	0
GPX2	0	0	0	0	0	0	0	0	0	0
CLIC3	0	0	0	0	0	0	0	0	0	0
CAST	0	0	0	0	0	0	0	0	0	0
CASP1	0	0	0	0	0	0	0	0	0	0
AKNA	0	0	0	0	0	0	0	0	0	0
NFKBIZ	0	0	0	0	0	0	0	0	0	0
FCRLA	0	0	0	0	0	0	0	0	0	0
ODC1	0	0	0	0	0	0	0	0	0	0
CAV2	0	0	0	0	0	0	0	0	0	0
PRSS23	0	0	0	0	0	0	0	0	0	0
GPRC5A	0	0	0	0	0	0	0	0	0	0
TEAD4	0	0	0	0	0	0	0	0	0	0
MAP7	0	0	0	0	0	0	0	0	0	0
CBFA2T3	0	0	0	0	0	0	0	0	0	0
RUNX3	0	0	0	0	0	0	0	0	0	0
PAPSS2	0	0	0	0	0	0	0	0	0	0
SERPINH1	0	0	0	0	0	0	0	0	0	0
CXCL2	0	0	0	0	0	0	0	0	0	0
CXCL1	0	0	0	0	0	0	0	0	0	0
CBR1	0	0	0	0	0	0	0	0	0	0
NR2F2	0	0	0	0	0	0	0	0	0	0
CLDN1	0	0	0	0	0	0	0	0	0	0
GSN	0	0	0	0	0	0	0	0	0	0
TBC1D8	0	0	0	0	0	0	0	0	0	0
TGFBI	0	0	0	0	0	0	0	0	0	0
TGIF1	0	0	0	0	0	0	0	0	0	0
SLC22A18	0	0	0	0	0	0	0	0	0	0
COL18A1	0	0	0	0	0	0	0	0	0	0
CORO1A	0	0	0	0	0	0	0	0	0	0
THBS1	0	0	0	0	0	0	0	0	0	0
THBS2	0	0	0	0	0	0	0	0	0	0
CD3D	0	0	0	0	0	0	0	0	0	0
SH3PXD2B	0	0	0	0	0	0	0	0	0	0
FSTL1	0	0	0	0	0	0	0	0	0	0
CD9	0	0	0	0	0	0	0	0	0	0
P2RX5	0	0	0	0	0	0	0	0	0	0
SLC16A3	0	0	0	0	0	0	0	0	0	0
PDLIM1	0	0	0	0	0	0	0	1	0	0
TIMP2	0	0	0	0	0	0	0	0	0	0
TIMP3	0	0	0	0	0	0	0	0	0	0
TJP1	0	0	0	0	0	0	0	0	0	0
MAP4K1	0	0	0	0	0	0	0	0	0	0
GYPC	0	0	0	0	0	0	0	0	0	0
PKP3	0	0	0	0	0	0	0	0	0	0
QPRT	0	0	0	0	0	0	0	0	0	0
LRP11	0	0	0	0	0	0	0	0	0	0
SCARB2	0	0	0	0	0	0	0	0	0	0
SERPINE1	0	0	0	0	0	0	0	0	0	0
ERRFI1	0	0	0	0	0	0	0	0	0	0
CD44	0	0	0	0	0	0	0	0	0	0
TSPAN6	0	0	0	0	0	0	0	0	0	0
CD48	0	0	0	0	0	0	0	0	0	0
CD53	0	0	0	0	0	0	0	0	0	0
TSPAN8	0	0	0	0	0	0	0	0	0	0
ANXA10	0	0	0	0	0	0	0	0	0	0
SERPINB2	0	0	0	0	0	0	0	0	0	0
CD59	0	0	0	0	0	0	0	0	0	0
CD70	0	0	0	0	0	0	0	0	0	0
CD72	0	0	0	0	0	0	0	0	0	0
CD74	0	0	0	0	0	0	0	0	0	0
PAM	0	0	0	0	0	0	0	0	0	0
CD151	0	0	0	0	0	0	0	0	0	0
AVPI1	0	0	0	0	0	0	0	0	0	0
PAWR	0	0	0	0	0	0	0	0	0	0
CDA	0	0	0	0	0	0	0	0	0	0
SEMA3A	0	1	0	0	0	0	0	0	0	0
TNFAIP3	0	0	0	0	0	0	0	0	0	0
PRR15	0	0	0	0	0	0	0	0	0	0
CDC25A	0	0	0	0	0	0	0	0	0	0
AJUBA	0	0	0	0	0	0	0	0	0	0
TNNT1	0	0	0	0	0	0	0	0	0	0
PCBD1	0	0	0	0	0	0	0	0	0	0
ARHGAP45	0	0	0	0	0	0	0	0	0	0
CDH1	0	0	0	1	0	0	0	0	0	0
CDH3	0	0	0	0	0	0	0	0	0	0
PCDH9	0	1	0	0	0	0	0	0	0	0
AGRN	0	0	0	0	0	0	0	0	0	0
HCLS1	0	0	0	0	0	0	0	0	0	0
CDH13	0	0	0	0	0	0	0	0	0	0
TPBG	0	0	0	0	0	0	0	0	0	0
FILIP1L	0	0	0	0	0	0	0	0	0	0
CFH	0	0	0	0	0	0	0	0	0	0
CDS1	0	0	0	0	0	0	0	0	0	0
TCEAL3	0	0	0	0	0	0	0	0	0	0
CFAP251	0	1	0	0	0	0	0	0	0	0
CEBPD	0	0	1	0	0	0	0	0	0	0
DHRS3	0	0	0	0	0	0	0	0	0	0
HLA-DMA	0	0	0	0	0	0	0	0	0	0
TRIP6	0	0	0	0	0	0	0	0	0	0
HLA-DMB	0	0	0	0	0	0	0	0	0	0
HLA-DPA1	0	0	0	0	0	0	0	0	0	0
HLA-DPB1	0	0	0	0	0	0	0	0	0	0
CFL2	0	0	0	0	0	0	0	0	0	0
APOBEC3G	0	0	0	0	0	0	0	0	0	0
MGLL	0	0	0	0	0	0	0	0	0	0
ARHGAP30	0	0	0	0	0	0	0	0	0	0
SSBP2	0	0	0	0	0	0	0	0	0	0
ATP8B1	0	0	0	0	0	0	0	0	0	0
CD83	0	0	0	0	0	0	0	0	0	0
CHI3L2	0	0	0	0	0	0	0	0	0	0
KLF4	0	0	0	0	0	0	0	0	0	0
VPREB3	0	0	0	0	0	0	0	0	0	0
NIBAN3	0	0	0	0	0	0	0	0	0	0
TUBB2A	0	0	0	0	0	0	0	0	0	0
KRT80	1	0	0	0	0	0	0	0	0	0
GCSAM	0	0	0	0	0	0	0	0	0	0
OVOL2	0	0	0	0	0	0	0	0	0	0
RAB38	0	0	0	0	0	0	0	0	0	0
SERPINB6	0	0	0	0	0	0	0	0	0	0
SERPINE2	0	0	0	0	0	0	0	0	0	0
OAF	0	0	0	0	0	0	0	0	0	0
PIK3CG	0	0	0	0	0	0	0	0	0	0
AHNAK	0	1	0	0	0	0	0	0	0	0
RASSF4	0	0	0	0	0	0	0	0	0	0
LPXN	0	0	0	0	0	0	0	0	0	0
PVRIG	0	0	0	0	0	0	0	0	0	0
ARHGAP29	0	0	0	0	0	0	0	0	0	0
PKP2	0	0	0	0	0	0	0	0	0	0
DNAJC12	0	0	0	0	0	0	0	0	0	0
OCIAD2	0	0	0	0	0	0	0	0	0	0
SLAIN1	0	0	0	0	0	0	0	0	0	0
BAMBI	0	0	0	0	0	0	0	0	0	0
PIMREG	0	0	0	0	0	0	0	0	0	0
PLAT	0	0	0	0	0	0	0	0	0	0
PLAU	0	0	0	0	0	0	0	0	0	0
HES1	0	0	0	0	0	0	0	0	0	0
UPP1	0	0	0	0	1	0	0	0	0	0
PLAUR	0	0	0	0	0	0	0	0	0	0
PLCG2	0	0	0	0	0	0	0	0	0	0
TNFAIP8	0	0	0	0	0	0	0	0	0	0
CHST2	0	0	0	0	0	0	0	0	0	0
NEURL1B	0	0	0	0	0	0	0	0	0	0
BACE2	0	0	0	0	0	0	0	0	0	0
RBM47	0	0	0	0	0	0	0	0	0	0
HSPA1A	0	0	0	0	0	0	0	0	0	0
PLOD2	0	1	0	0	0	0	0	0	0	0
HSPA1B	0	0	0	0	0	0	0	0	0	0
HSPA2	0	0	0	0	0	0	0	0	0	0
AIM2	0	0	0	0	0	0	0	0	0	0
ITM2A	0	0	0	0	0	0	0	0	0	0
PLOD1	0	0	0	0	0	0	0	0	0	0
PLS3	0	0	0	0	0	0	0	0	0	0
PLSCR1	0	0	0	0	0	0	0	0	0	0
VAV1	0	0	0	0	0	0	0	0	0	0
CNN3	0	0	0	0	0	0	0	0	0	0
PRXL2C	0	0	0	0	0	0	0	0	0	0
DSE	0	0	0	0	0	0	0	0	0	0
TEX19	0	0	0	0	0	0	0	0	0	0
APBB1IP	0	0	0	0	0	0	0	0	0	0
COL1A1	0	0	0	0	0	0	0	0	0	0
COL1A2	0	0	0	0	0	0	0	0	0	0
VEGFC	0	1	0	0	0	0	0	0	0	0
COL3A1	0	1	0	0	0	0	0	0	0	0
COL4A1	0	0	0	0	0	0	0	0	0	0
PMP22	0	0	0	0	0	0	0	0	0	0
COL4A2	0	0	0	0	0	0	0	0	0	0
COL4A5	0	0	0	0	0	0	0	0	0	0
VIM	0	0	0	0	0	0	0	0	0	0
FKBP10	0	0	0	0	0	0	0	0	0	0
COL5A1	0	1	0	0	0	0	0	0	1	0
FNDC3B	0	0	0	0	0	0	0	0	0	0
COL5A2	0	0	0	0	0	0	0	0	0	0
COL7A1	0	0	0	0	0	0	0	0	0	0
COL8A1	0	0	0	0	0	0	0	0	0	0
VRK1	0	0	0	0	0	0	0	0	0	0
COL11A1	0	0	1	0	0	0	0	0	0	0
VSNL1	0	0	0	0	0	0	0	0	0	0
COL17A1	0	0	0	0	0	0	0	0	0	0
WIPF1	0	0	0	0	0	0	0	0	0	0
S100A16	0	0	0	0	0	0	0	0	0	0
RHOD	0	0	0	0	0	0	0	0	0	0
LAT2	0	0	0	0	0	0	0	0	0	0
TNC	0	1	0	0	0	0	0	0	0	0
LITAF	0	0	0	0	0	0	0	0	0	0
GDF15	0	0	0	0	0	0	0	0	0	0
ICA1	0	0	0	0	0	0	0	0	0	0
ICAM2	0	0	0	0	0	0	0	0	0	0
EFEMP2	0	0	0	0	0	0	0	0	0	0
BAG3	0	0	0	0	0	0	0	0	0	0
GMFG	0	0	0	0	0	0	0	0	0	0
IRF8	0	0	0	0	0	0	0	0	0	0
ID1	0	0	0	0	0	0	0	0	0	0
ID2	0	0	0	0	0	0	0	0	0	0
POU2AF1	0	0	0	0	0	0	0	0	0	0
NPDC1	0	0	0	0	0	0	0	0	0	0
WWTR1	0	0	0	0	0	0	0	0	0	0
CLDN4	0	0	0	0	0	0	0	0	0	0
CLDN7	0	0	0	0	0	0	0	0	0	0
NIBAN2	0	0	0	0	0	0	0	0	0	0
PPARG	0	0	0	0	0	0	0	0	0	0
GTF2IRD1	0	0	0	0	0	0	0	0	0	0
CDCP1	0	0	0	0	0	0	0	0	0	0
IFI16	0	0	0	0	0	0	0	0	0	0
IFI27	0	0	0	0	0	0	0	0	0	0
YES1	0	0	0	0	0	0	0	0	0	0
SP110	0	0	0	0	0	0	0	0	0	0
PPIC	0	0	0	0	0	0	0	0	0	0
CRABP2	0	0	0	0	0	0	0	0	0	0
IFIT1	0	0	0	0	0	0	0	0	0	0
ADGRA2	0	0	0	0	0	0	0	0	0	0
CRAT	0	0	0	0	0	0	0	0	0	0
FAM83H	0	0	0	0	0	0	0	0	0	0
MISP	0	0	0	0	0	0	0	0	0	0
ZNF22	0	0	0	0	0	0	0	0	0	0
ME2	0	0	0	0	0	0	0	0	0	0
SPATS2L	0	0	0	0	0	0	0	0	0	0
RASAL3	0	0	0	0	0	0	0	0	0	0
IGFBP6	0	0	0	0	0	0	0	0	0	0
PPP3CA	0	0	0	0	0	0	0	0	0	0
ARHGEF10	0	0	0	0	0	0	0	0	0	0
RHPN2	0	0	0	0	0	0	0	0	0	0
SRGN	0	0	0	0	0	0	0	0	0	0
FAM210B	0	0	0	0	0	0	0	0	0	0
DEF6	0	0	0	0	0	0	0	0	0	0
CST3	0	0	0	0	0	0	0	0	0	0
RAB11FIP5	0	0	0	0	0	0	0	0	0	0
PRKCB	0	1	0	0	0	0	0	0	0	0
CTBP2	0	0	0	0	0	0	0	0	0	0
RAI14	0	0	0	0	0	0	0	0	0	0
CCN2	0	0	0	0	0	0	0	0	0	0
LY6K	0	0	0	0	0	0	0	0	0	0
IGLL1	0	0	0	0	0	0	0	0	0	0
CTNNA1	0	0	0	0	0	0	0	0	0	0
SLFN11	0	0	0	0	0	0	0	0	0	0
PRKCZ	0	0	0	0	0	0	0	0	0	0
IL1B	0	0	0	0	0	0	0	0	0	0
CTSB	0	0	0	0	0	0	0	0	0	0
NEXN	0	0	0	0	0	0	0	0	0	0
CTSH	0	0	0	0	0	0	0	0	0	0
CTSL	0	0	0	0	0	0	0	0	0	0
CTSV	0	0	0	0	0	0	0	0	0	0
CTSS	0	0	0	0	0	0	0	0	0	0
CTSZ	0	0	0	0	0	0	0	0	0	0
PRNP	0	0	0	0	0	0	0	0	0	0
CYB5A	0	0	0	0	0	0	0	0	0	0
CYBA	0	0	0	0	0	0	0	0	0	0
PRRG1	0	0	0	0	0	0	0	0	0	0
SRXN1	0	0	0	0	0	0	0	0	0	0
LGMN	0	0	0	0	0	0	0	1	0	0
IL13RA1	0	0	0	0	0	0	0	0	0	0
TLCD1	0	0	0	0	0	0	0	0	0	0
ARHGAP32	0	0	0	0	0	0	0	0	0	0
ACAP1	0	0	0	0	0	0	0	0	0	0
LYPD6B	0	0	0	0	0	0	0	0	0	0
HTRA1	0	0	0	0	0	0	0	0	0	0
RIPOR2	0	0	0	0	0	0	0	0	0	0
TES	0	0	0	0	0	0	0	0	0	0
EPPK1	0	1	0	0	0	0	0	0	0	0
INHBA	0	0	0	0	0	0	0	0	0	0
INHBB	0	0	0	0	0	0	0	0	0	0
RASSF2	0	0	0	0	0	0	0	0	0	0
INPP1	0	0	0	0	0	0	0	0	0	0
GIMAP2	0	0	1	0	0	0	0	0	0	0
CYP24A1	0	0	0	0	0	0	0	0	0	0
RIMS3	0	0	0	0	0	0	0	0	0	0
EML6	0	0	0	0	0	0	0	0	0	0
SYTL2	0	0	0	0	0	0	0	0	0	0
TCIM	0	0	0	0	0	0	0	0	0	0
PSMB8	0	0	0	0	0	0	0	0	0	0
PSMB9	0	0	0	0	0	0	0	0	0	0
CD55	0	0	0	0	0	0	0	0	0	0
ITGA6	0	0	0	0	0	0	0	0	0	0
SLCO1B3	0	0	0	0	0	0	0	0	0	0
THAP10	0	0	0	0	0	0	0	0	0	0
PTPN22	0	0	0	0	0	0	0	0	0	0
IRF6	0	0	0	0	0	0	0	0	0	0
ARMH1	0	0	0	0	0	0	0	0	0	0
SERINC2	0	0	0	0	0	0	0	0	0	0
ITGA2	0	0	0	0	0	0	0	0	0	0
ITGA4	0	0	0	0	0	0	0	0	0	0
DCK	0	0	0	0	0	0	0	0	0	0
ITGAL	0	0	0	0	0	0	0	0	0	0
SOWAHC	0	0	0	0	0	0	0	0	0	0
ITGB1	0	0	0	0	0	0	0	0	0	0
PMEPA1	0	1	0	0	0	0	0	0	0	0
PTGFRN	0	0	0	0	0	0	0	0	0	0
ITGB2	0	0	0	0	0	0	0	0	0	0
JAKMIP2	0	0	1	0	0	0	0	0	0	0
ITGB5	0	0	0	0	0	0	0	0	0	0
AKR1C1	0	0	0	0	0	0	0	0	0	0
AKR1C2	0	0	0	0	0	0	0	0	0	0
GALNT18	0	0	0	0	0	0	0	0	0	0
BMAL2	0	0	0	0	0	0	0	0	0	0
LAPTM5	0	0	0	0	0	0	0	0	0	0
PPP1R26	0	0	0	0	0	0	0	0	0	0
TBC1D10C	0	0	0	0	0	0	0	0	0	0
JUN	0	0	0	0	0	0	0	0	0	0
FAM20C	0	0	0	0	0	0	0	0	0	0
JUP	0	0	0	0	0	0	0	0	0	0
RHBDL2	0	0	0	0	0	0	0	0	0	0
DUSP23	0	0	0	0	0	0	0	0	0	0
GSDME	0	0	0	0	0	0	0	0	0	0
PTPRC	0	0	0	0	0	0	0	0	0	0
PXDN	0	0	0	0	0	0	0	0	0	0
PTPRF	0	0	0	0	0	0	0	0	0	0
KIF15	0	0	0	0	0	0	0	0	0	0
PTPRK	0	0	0	0	0	0	0	0	0	0
SACS	0	0	0	0	0	0	0	0	0	0
CXCR4	0	0	0	0	0	0	0	0	0	0
HEBP1	0	0	0	0	0	0	0	0	0	0
SCG2	0	0	0	0	0	0	0	0	0	0
NECTIN2	0	0	0	0	0	0	0	0	0	0
KCNJ15	0	0	0	0	0	0	0	0	0	0
NQO1	0	0	0	0	0	0	0	0	0	0
PYGL	0	0	0	0	0	0	0	0	0	0
TESC	0	0	0	0	0	0	0	0	0	0
RAB39B	0	0	0	0	0	0	0	0	0	0
RNF128	0	0	0	0	0	0	0	0	0	0
RAB13	0	0	0	0	0	0	0	0	0	0
RAC2	0	0	0	0	0	0	0	0	0	0
MOCOS	0	0	0	0	0	0	0	0	0	0
FERMT3	0	1	0	0	0	0	0	0	0	0
FGFBP1	0	0	0	0	0	0	0	0	0	0
AMIGO2	0	0	0	0	0	0	0	0	0	0
DOCK2	0	0	0	0	0	0	0	0	0	0
RNASEH2B	0	0	0	0	0	0	0	0	0	0
RAG1	0	1	0	0	0	0	0	0	0	0
KRT5	0	0	0	0	0	0	0	0	0	0
KRT6A	0	0	0	0	0	0	0	0	0	0
KRT6B	0	0	0	0	0	0	0	0	0	0
KRT7	0	0	0	0	0	0	0	0	0	0
KRT8	0	0	0	0	0	0	0	0	0	0
KRT13	0	0	0	0	0	0	0	0	0	0
KRT14	0	0	0	0	0	0	0	0	0	0
RAB25	0	0	0	0	0	0	0	0	0	0
KRT15	0	0	0	0	0	0	0	0	0	0
KRT17	0	0	0	0	0	0	0	0	0	0
DSC2	0	0	0	0	0	0	0	0	0	0
PLAAT4	0	0	0	0	0	0	0	0	0	0
KRT18	0	0	0	0	0	0	0	0	0	0
TMEM45A	0	0	0	0	0	0	0	0	0	0
DSG2	0	0	0	0	1	0	0	0	0	0
DSG3	0	0	0	0	0	0	0	0	0	0
UACA	0	0	0	0	0	0	0	0	0	0
DSPP	0	0	0	0	0	0	0	0	0	0
KRT19	0	0	0	0	0	0	0	0	0	0
DOCK8	0	0	0	0	0	0	0	0	0	0
ARHGEF5	0	0	0	0	0	0	0	0	0	0
DTX1	0	0	0	0	0	0	0	0	0	0
TMEM51	0	0	0	0	0	0	0	0	0	0
DUSP4	0	0	0	0	0	0	0	0	0	0
TUSC3	0	0	0	0	0	0	0	0	0	0
DUSP5	0	0	0	0	0	0	0	0	0	0
TOM1L1	0	0	0	0	0	0	0	0	0	0
LDAF1	0	0	0	0	0	0	0	0	0	0
SH2D3C	0	0	0	0	0	0	0	0	0	0
LAMA3	0	0	1	0	0	0	0	0	0	0
AP1M2	0	0	0	0	0	0	0	0	0	0
LAMB2	0	0	0	0	0	0	0	0	0	0
LAMB3	0	0	0	0	0	0	0	0	0	0
LAMC1	0	0	0	0	0	0	0	0	0	0
LAMC2	0	0	0	0	0	0	0	0	0	0
E2F2	0	0	0	0	0	0	0	0	0	0
ZNF101	0	0	0	0	0	0	0	0	0	0
LCK	0	0	0	0	0	0	0	0	0	0
ATP9A	0	0	0	0	0	0	0	0	0	0
LCP1	0	0	0	0	0	0	0	0	0	0
NUPR1	0	0	0	0	0	0	0	0	0	0
VPS37B	0	0	0	0	0	0	0	0	0	0
LDHB	0	0	0	0	0	0	0	0	0	0
EDN1	0	0	0	0	0	0	0	0	0	0
LGALS1	0	0	0	0	0	0	0	0	0	0
RGS16	0	0	0	0	0	0	0	0	0	0
LGALS3	0	0	0	0	0	0	0	0	0	0
LGALS3BP	0	0	0	0	0	0	0	0	0	0
FOSL1	0	0	0	0	0	0	0	0	0	0
PLEK2	0	0	0	0	0	0	0	0	0	0
MYOF	0	0	0	0	0	0	0	0	0	0
NTN4	0	0	0	0	0	0	0	0	0	0
OPTN	0	0	0	0	0	0	0	0	0	0
EFNA1	0	0	0	0	0	0	0	0	0	0
LLGL2	0	0	0	0	0	0	0	0	0	0
RAB34	0	0	0	0	0	0	0	0	0	0
LMNA	0	0	0	0	0	0	0	0	0	0
FRMD6	0	0	0	0	0	0	0	0	0	0
MICALL2	0	0	0	0	0	0	0	0	0	0
EGFR	0	0	0	0	0	0	0	0	0	0
LMO2	0	0	0	0	0	0	0	0	0	0
EGR1	0	0	0	0	0	0	0	0	0	0
CDCA7	0	0	0	0	0	0	0	0	0	0
LACTB2	0	0	0	0	0	0	0	0	0	0
LOX	0	0	0	0	0	0	0	0	0	0
EPHA2	0	0	0	0	0	0	0	0	0	0
KRTCAP3	0	0	0	0	0	0	0	0	0	0
KCTD3	0	0	0	0	0	0	0	0	0	0
IRAG2	0	0	0	0	0	0	0	0	0	0
PLEKHA1	0	0	0	0	0	0	0	0	0	0
ELF3	0	0	0	0	0	0	0	0	0	0
LTBP2	0	0	0	0	0	0	0	0	0	0
LTBR	0	0	0	0	0	0	0	0	0	0
SVIP	0	0	0	0	0	0	0	0	0	0
EMP1	0	0	0	0	0	0	0	0	0	0
MPZL2	0	0	0	0	0	0	0	0	0	0
EMP2	0	0	0	0	0	0	0	0	0	0
LUM	0	0	0	0	0	0	0	0	0	0
CTTN	0	0	0	0	0	0	0	0	0	0
LYL1	0	0	0	0	0	0	0	0	0	0
LY75	0	0	0	0	0	0	0	0	0	0
TACSTD2	0	0	0	0	0	0	0	0	0	0
TM4SF1	0	0	0	0	0	0	0	0	0	0
EPCAM	0	0	0	0	0	0	0	0	0	0
CTDSPL	0	0	0	0	0	0	0	0	0	0
LEF1	0	0	0	0	0	0	0	0	0	0
TCEAL9	0	0	0	0	0	0	0	0	0	0
MARCKS	0	0	0	0	0	0	0	0	0	0
PHLDB2	0	0	0	0	0	0	0	0	0	0
TMEM40	0	0	0	0	0	0	0	0	0	0
SLC44A3	0	0	0	0	0	0	0	0	0	0
